Group Code,Group Name,Congregations,Adherents,Adherents as % of Total Adherents,Adherents as % of Population
326,(Original) Church of God,15,,,
001,Advent Christian Church,249,"17,780",0.01%,0.01%
003,African Methodist Episcopal Church,"3,667","1,059,888",0.66%,0.32%
005,African Methodist Episcopal Zion Church,"1,587","304,704",0.19%,0.09%
FHJ,Agape Christian Fellowship,21,"2,616",0.00%,0.00%
009,Albanian Orthodox Diocese of America,2,800,0.00%,0.00%
012,Alliance of Baptists,122,,,
015,Amana Church Society,1,321,0.00%,0.00%
016,Ambassadors Amish-Mennonite,8,923,0.00%,0.00%
FG6,American Anglican Church,12,,,
284,American Association of Lutheran Churches,57,,,
017,American Baptist Association,766,"146,820",0.09%,0.04%
019,American Baptist Churches in the USA,"4,790","1,259,804",0.78%,0.38%
022,American Carpatho-Russian Orthodox Diocese,78,"7,171",0.00%,0.00%
904,American Ethical Union,28,,,
030,American Presbyterian Church,2,,,
416,American Sikh Council,307,,,
031,"Amish Groups, undifferentiated","2,863","320,625",0.20%,0.10%
FFS,Anabaptist Disciples of Christ,15,"2,293",0.00%,0.00%
F01,Anglican Catholic Church,71,,,
FG4,Anglican Church in America,44,,,
033,Anglican Church in North America,873,,,
FG3,Anglican Province of America,56,,,
FG2,Anglican Province of Christ the King,39,,,
034,"Antiochian Orthodox Christian Archdiocese of North America, The",255,"71,216",0.04%,0.02%
FF7,Apostolic Christian Church (Nazarene) - East Conference,22,"1,820",0.00%,0.00%
FF8,Apostolic Christian Church (Nazarene) - West Conference,14,"1,322",0.00%,0.00%
040,Apostolic Christian Church of America,87,"19,557",0.01%,0.01%
FEX,Apostolic Christian Faith,25,"2,453",0.00%,0.00%
042,"Apostolic Faith Mission of Portland, OR",54,,,
045,Apostolic Lutheran Church of America,50,,,
FEY,Appalachian Mennonite Church,2,240,0.00%,0.00%
049,Armenian Apostolic Church of America (Catholicosate of Cilicia),32,"35,565",0.02%,0.01%
050,Armenian Church of North America (Catholicosate of Etchmiadzin),89,"95,207",0.06%,0.03%
051,Armenian Evangelical Churches (Additional),15,,,
053,Assemblies of God,"12,739","3,094,547",1.92%,0.93%
FGJ,Assemblies of the Lord Jesus Christ,33,,,
055,Associate Reformed Presbyterian Church,254,,,
220,Association of Free Lutheran Congregations,254,"35,804",0.02%,0.01%
058,Association of Messianic Congregations,12,,,
047,Association of Reformed Baptist Churches of America,13,,,
056,Baha'i Faith USA,983,"178,727",0.11%,0.05%
059,Baptist Missionary Association of America,"1,144",,,
061,Beachy Amish-Mennonite Churches,86,"10,093",0.01%,0.00%
FFV,Belarusan Autocephalous Orthodox Church,3,,,
FEZ,Believers in Christ,6,808,0.00%,0.00%
062,Berea Amish-Mennonite,11,824,0.00%,0.00%
063,Berean Fellowship of Churches,58,,,
FDT,Bethel Fellowship Mennonite Churches,16,"1,600",0.00%,0.00%
065,"Bethel Ministerial Association, Inc.",15,,,
073,Bible Fellowship Church,68,"14,333",0.01%,0.00%
217,Bible Holiness Church,34,,,
FE8,Bible Methodist Connection,93,,,
069,Bible Presbyterian Church (General Synod),26,,,
E54,"Bible Way Church of Our Lord Jesus Christ World Wide, Inc.",33,"21,718",0.01%,0.01%
FHW,Biblical Mennonite Alliance,76,"6,339",0.00%,0.00%
071,"Brethren Church, The (Ashland, Ohio)",106,,,
075,Brethren In Christ Church,235,,,
070,"Bruderhof Communities, Inc.",19,"2,203",0.00%,0.00%
078,"Bulgarian Eastern Orthodox Diocese of the USA, Canada and Australia",24,"5,386",0.00%,0.00%
084,Calvary Chapel Fellowship Churches,243,,,
086,Canadian and American Reformed Churches,4,,,
FFM,Catholic Apostolic Church in North America,15,,,
081,Catholic Church,"19,405","61,858,137",38.37%,18.66%
082,Central Baptist Association,22,"3,009",0.00%,0.00%
FGS,Chabad Judaism,953,,,
244,Charis Fellowship,268,,,
087,Christadelphian,170,,,
089,Christian and Missionary Alliance,"1,776","414,360",0.26%,0.13%
FDU,Christian Apostolic Church,4,253,0.00%,0.00%
353,Christian Brethren (Open Plymouth Brethren),841,,,
093,Christian Church (Disciples of Christ),"3,135","398,072",0.25%,0.12%
097,Christian Churches and Churches of Christ,"4,787","1,379,041",0.86%,0.42%
FF1,Christian Communities,2,104,0.00%,0.00%
F10,Christian Congregation in North America,69,,,
101,Christian Methodist Episcopal Church,"1,608","269,126",0.17%,0.08%
105,Christian Reformed Church in North America,792,"149,096",0.09%,0.04%
D83,Christ's Sanctified Holy Church,18,,,
F13,Church of Christ,19,,,
110,"Church of Christ (Holiness), U.S.A.",124,,,
143,"Church of Christ, Mennonite",170,"25,897",0.02%,0.01%
111,"Church of Christ, Scientist",314,,,
F53,Church of God,204,,,
123,"Church of God (Anderson, Indiana)","1,944","427,038",0.26%,0.13%
125,Church of God (Apostolic),18,,,
127,"Church of God (Cleveland, Tennessee)","5,921","868,446",0.54%,0.26%
133,Church of God (Seventh Day),214,,,
C22,Church of God and Saints of Christ,22,,,
122,"Church of God by Faith, Inc.",169,,,
121,Church of God General Conference,78,"2,942",0.00%,0.00%
141,Church of God in Christ,"3,313","920,429",0.57%,0.28%
145,Church of God of Prophecy,"1,614",,,
120,"Church of God of the Apostolic Faith, Inc.",56,,,
F16,Church of God of the Firstborn,2,,,
146,"Church of God, Mountain Assembly, Inc.",95,,,
151,Church of Jesus Christ of Latter-day Saints,"14,567","6,721,031",4.17%,2.03%
149,"Church of Jesus Christ, The (Bickertonites)",64,,,
155,"Church of Our Lord Jesus Christ of the Apostolic Faith, Inc.",527,"85,938",0.05%,0.03%
157,Church of the Brethren,921,"109,288",0.07%,0.03%
FFK,Church of the Genuine Orthodox Christians,43,"6,053",0.00%,0.00%
A47,Church of the Living God (Christian Workers for Fellowship),109,,,
D59,Church of the Living God: Pillar and Ground of the Truth,41,,,
163,Church of the Lutheran Brethren of America,86,,,
164,Church of the Lutheran Confession,75,,,
165,Church of the Nazarene,"5,155","905,690",0.56%,0.27%
438,Church of the United Brethren in Christ USA,160,"21,222",0.01%,0.01%
167,Churches of Christ,"11,881","1,422,331",0.88%,0.43%
168,Churches of Christ in Christian Union,186,,,
171,"Churches of God, General Conference",301,"31,228",0.02%,0.01%
172,Communion of Reformed Evangelical Churches,81,,,
173,Community of Christ,616,,,
FFG,Concordia Lutheran Conference,5,,,
176,"Congregational Christian Churches, Additional (not part of any national CCC body)",53,"5,118",0.00%,0.00%
177,Congregational Holiness Church,188,,,
180,Congregational Methodist Church,139,,,
181,Conservative Congregational Christian Conference,312,"51,112",0.03%,0.02%
270,Conservative Judaism,529,"417,316",0.26%,0.13%
FDV,Conservative Mennonite Churches of York and Adams Counties PA,5,327,0.00%,0.00%
183,Conservative Mennonite Conference,109,"16,493",0.01%,0.00%
390,Conservative Yearly Meeting of Friends,32,"1,919",0.00%,0.00%
336,Convention of Original Free Will Baptist Churches,226,"23,490",0.01%,0.01%
057,Converge Worldwide / Baptist General Conference,881,,,
186,Coptic Orthodox Church,292,"179,155",0.11%,0.05%
FF6,Covenant Presbyterian Church,13,,,
184,Covenant Reformed Presbyterian Church,2,,,
185,Cumberland Presbyterian,608,"64,901",0.04%,0.02%
187,Cumberland Presbyterian Church in America,111,"14,473",0.01%,0.00%
FDW,Cumberland Valley Mennonite Church,7,692,0.00%,0.00%
FHX,Dariusleut Hutterite,22,"1,409",0.00%,0.00%
FG7,Diocese of the Holy Cross,19,,,
FFT,Dunkard Brethren Church,25,"1,523",0.00%,0.00%
286,Eastern Pennsylvania Mennonite Church,72,"11,193",0.01%,0.00%
FFW,ECO: A Covenant Order of Presbyterians,413,,,
FGK,Ecumenical Catholic Church,3,,,
FFP,Ecumenical Catholic Communion,33,"2,757",0.00%,0.00%
190,Elim Fellowship,243,,,
193,Episcopal Church,"6,353","1,576,611",0.98%,0.48%
FG8,Episcopal Missionary Church,26,,,
202,Eritrean Orthodox,64,"41,456",0.03%,0.01%
204,Ethiopian Orthodox,197,"96,374",0.06%,0.03%
FJ6,Evangel Presbytery,9,,,
198,"Evangelical Association of Reformed, and Congregational Christian Churches",114,,,
197,"Evangelical Church, The",110,"9,809",0.01%,0.00%
199,Evangelical Congregational Church,122,,,
201,Evangelical Covenant Church,863,"154,267",0.10%,0.05%
203,Evangelical Free Church of America,"1,602",,,
328,Evangelical Friends Church International,235,"34,960",0.02%,0.01%
207,Evangelical Lutheran Church in America,"8,857","3,139,413",1.95%,0.95%
FFF,Evangelical Lutheran Conference and Ministerium of North America,12,,,
FFE,Evangelical Lutheran Diocese of North America,31,,,
209,Evangelical Lutheran Synod,133,"16,536",0.01%,0.00%
215,Evangelical Methodist Church,83,,,
216,Evangelical Presbyterian Church,625,,,
FGP,Every Nation,85,,,
210,Federation of Reformed Churches,6,,,
FGL,Fellowship of Christian Assemblies,93,,,
211,Fellowship of Evangelical Bible Churches,17,,,
213,Fellowship of Evangelical Churches,71,"9,777",0.01%,0.00%
067,Fellowship of Fundamentalist Bible Churches,15,,,
346,Fire-Baptized Holiness Church of the Americas,34,,,
263,"Foursquare Gospel, International Church of the","1,619","363,626",0.23%,0.11%
224,Free Church of Scotland (Continuing),5,,,
221,Free Methodist Church--USA,619,"71,634",0.04%,0.02%
222,Free Presbyterian Church of North America,12,,,
FFA,Free Presbyterian Church of Scotland,1,,,
227,Free Reformed Churches of North America,2,,,
391,Friends General Conference,374,"27,722",0.02%,0.01%
393,"Friends General Conference and Friends United Meeting, dually aligned meetings",130,"8,102",0.01%,0.00%
225,Friends United Meeting,186,"14,138",0.01%,0.00%
F23,Full Gospel Assemblies International,49,,,
232,Full Gospel Baptist Church Fellowship,817,"138,354",0.09%,0.04%
FFR,Full Gospel Christian Assemblies International,722,"240,878",0.15%,0.07%
231,General Association of General Baptists,114,"33,916",0.02%,0.01%
388,General Association of Regular Baptist Churches,939,,,
233,General Church of the New Jerusalem,43,,,
242,Georgian Orthodox Parishes in the United States,14,"1,215",0.00%,0.00%
FHN,German Apostolic / Christian Apostolic Churches,8,618,0.00%,0.00%
FJ4,German Baptist Brethren,3,177,0.00%,0.00%
FGM,Grace Communion International,180,,,
243,Grace Gospel Fellowship,108,,,
246,Greek Orthodox Archdiocese of America,533,"375,117",0.23%,0.11%
FDX,Haven Mennonite Fellowship,3,365,0.00%,0.00%
248,Heritage Reformed Congregations,6,803,0.00%,0.00%
FGD,Higher Ground Always Abounding Assemblies,72,,,
895,Hindu Temples,433,"831,229",0.52%,0.25%
896,Hindu Yoga and Meditation,"1,378","437,115",0.27%,0.13%
247,"Holiness Church Of God, Inc., The",17,,,
FG9,Holy Catholic Church Anglican Rite,6,,,
251,Holy Orthodox Church in North America,16,749,0.00%,0.00%
FHQ,Hoover Old Order Mennonite Church,10,"1,713",0.00%,0.00%
FE2,Hope Mennonite Fellowship,10,"1,078",0.00%,0.00%
D92,"House of God, Holy Church of the Living God, The Pillar and Ground of the Truth, House of Prayer for All People",5,,,
FHY,Hutterite Christian Communities,3,327,0.00%,0.00%
FHK,Independent Conservative Brethren,8,312,0.00%,0.00%
FGR,Independent Judaism,130,"8,486",0.01%,0.00%
FFD,Independent Lutheran Diocese,4,100,0.00%,0.00%
338,Independent Yearly Meetings of Friends,65,"2,417",0.00%,0.00%
FFX,Indian Bottom Association of Old Regular Baptists,43,"1,861",0.00%,0.00%
264,International Churches of Christ,175,"53,612",0.03%,0.02%
FE9,International Communion of the Charismatic Episcopal Church,56,,,
262,International Council of Community Churches,57,,,
256,International Fellowship of Bible Churches,36,,,
260,International Fellowship of Christian Assemblies,69,,,
265,International Pentecostal Church of Christ,49,,,
268,Jain,79,,,
272,Jehovah's Witnesses,"12,285","3,016,924",1.87%,0.91%
F26,Kentucky Christian Conference,35,,,
F27,Keystone Mennonite Fellowship,25,"2,821",0.00%,0.00%
FFL,Knanaya Churches in the USA,16,"2,817",0.00%,0.00%
FFJ,Laestadian Lutheran Church,29,,,
274,Latvian Evangelical Lutheran Church in America,12,,,
FHZ,Lehrerleut Hutterite,43,"4,754",0.00%,0.00%
D66,Liberal Catholic Church,8,,,
FDY,Little Flock Mennonite Churches,7,533,0.00%,0.00%
279,Lumber River Annual Conference of the Holiness Methodist Church,10,,,
283,Lutheran Church--Missouri Synod,"5,897","1,802,680",1.12%,0.54%
255,Lutheran Congregations in Mission for Christ,776,"194,144",0.12%,0.06%
330,Macedonian Orthodox Church: American Diocese,20,"17,325",0.01%,0.01%
890,Mahayana Buddhist,969,"549,344",0.34%,0.17%
334,Malankara Archdiocese of the Syrian Orthodox Church in North America,48,"6,828",0.00%,0.00%
F28,Malankara Mar Thoma Church,49,"5,531",0.00%,0.00%
333,Malankara Orthodox Syrian Church,110,"21,722",0.01%,0.01%
278,Maranatha Amish-Mennonite,16,"1,983",0.00%,0.00%
FFU,Meadow Springs Old Order Mennonite,4,958,0.00%,0.00%
282,Mennonite Christian Fellowship,24,"2,759",0.00%,0.00%
288,Mennonite Church USA,550,"71,058",0.04%,0.02%
290,Metropolitan Community Churches,114,"8,156",0.01%,0.00%
FDZ,Mid-Atlantic Mennonite Fellowship,32,"3,740",0.00%,0.00%
310,Midwest Beachy Amish-Mennonite,7,791,0.00%,0.00%
FD1,Midwest Mennonite Fellowship,23,"2,022",0.00%,0.00%
291,Missionary Church,463,"57,638",0.04%,0.02%
292,Moravian Church in America--Alaska Province,24,,,
293,Moravian Church in America--Northern Province,77,"18,098",0.01%,0.01%
295,Moravian Church in America--Southern Province,53,"14,291",0.01%,0.00%
267,Muslim Estimate,"2,771","4,453,908",2.76%,1.34%
175,National Association of Congregational Christian Churches,322,"41,582",0.03%,0.01%
223,National Association of Free Will Baptists,"1,930","156,895",0.10%,0.05%
301,"National Baptist Convention of America, Inc.",389,"225,776",0.14%,0.07%
300,"National Baptist Convention, USA, Inc.","2,530","1,567,741",0.97%,0.47%
302,"National Missionary Baptist Convention, Inc.","7,564","2,428,820",1.51%,0.73%
304,"National Primitive Baptist Convention, USA, Inc.",130,"35,426",0.02%,0.01%
303,National Spiritualist Association of Churches,63,,,
F31,Nationwide Fellowship Mennonite Churches,78,"7,508",0.00%,0.00%
FHP,Nazarene Christian Congregation (Side A or B),8,289,0.00%,0.00%
307,Netherlands Reformed Congregations,16,,,
309,New Apostolic Church USA,187,,,
308,New Testament Association of Independent Baptist Church,119,,,
500,Non-denominational Christian Churches,"44,319","21,095,641",13.08%,6.36%
313,North American Baptist Conference,270,,,
314,North American Lutheran Church,441,,,
315,North American Old Roman Catholic Church,9,,,
F32,North Carolina Congregational Conference,10,,,
FD2,Northeastern Mennonite Conference,9,823,0.00%,0.00%
FFY,Northern New Salem Association of Old Regular Baptists,22,397,0.00%,0.00%
FFH,Old Apostolic Lutheran Church of America,28,,,
FHS,Old Brethren (California),5,292,0.00%,0.00%
FHT,Old Brethren (Goshen),3,427,0.00%,0.00%
FD3,Old Brethren German Baptist,2,296,0.00%,0.00%
FF2,Old German Baptist Brethren,47,"6,644",0.00%,0.00%
F35,"Old German Baptist Brethren, New Conference",35,"3,430",0.00%,0.00%
C51,Old Order German Baptist Church,4,283,0.00%,0.00%
324,Old Order River Brethren,5,688,0.00%,0.00%
FD4,Old Wenger Mennonite Church,3,152,0.00%,0.00%
329,Open Bible Churches,242,"31,068",0.02%,0.01%
FF3,Original Virginia Conference Old Order Mennonite,2,531,0.00%,0.00%
FGA,Orthodox Anglican Church,19,,,
331,Orthodox Church in America,560,"74,449",0.05%,0.02%
276,Orthodox Judaism,914,"941,480",0.58%,0.28%
FFC,Orthodox Lutheran Confessional Conference,2,,,
FHU,Orthodox Mennonite Church,2,284,0.00%,0.00%
FFN,Orthodox Old Roman Catholic Communion,6,,,
335,Orthodox Presbyterian Church,336,,,
400,Patriarchal Parishes of the Russian Orthodox Church in the USA,30,"9,773",0.01%,0.00%
D71,Pentecostal Assemblies of the World,108,"54,934",0.03%,0.02%
339,Pentecostal Church of God,990,,,
347,"Pentecostal Free Will Baptist Church, Inc.",32,,,
F38,Pilgrim Mennonite Conference,31,"3,096",0.00%,0.00%
350,Pillar Ministries,6,,,
FF4,Pleasant View Old Order (Virginia) Mennonite Conference,1,222,0.00%,0.00%
352,Polish National Catholic Church,97,,,
355,Presbyterian Church (U.S.A.),"8,851","1,491,775",0.93%,0.45%
356,Presbyterian Church in America,"1,873","372,696",0.23%,0.11%
354,Presbyterian Reformed Church,5,,,
361,Primitive Baptists Associations,448,"42,196",0.03%,0.01%
362,"Primitive Baptists, Eastern District Association of",36,"3,404",0.00%,0.00%
363,Primitive Methodist Church in the USA,59,,,
364,"Progressive National Baptist Convention, Inc.",363,"254,571",0.16%,0.08%
365,Progressive Primitive Baptists,33,,,
369,Protestant Reformed Churches in America,30,"8,411",0.01%,0.00%
275,Reconstructionist Judaism,90,"39,441",0.02%,0.01%
271,Reform Judaism,690,"662,104",0.41%,0.20%
F41,Reformed Baptist Network,42,,,
FGB,Reformed Bible Church,4,,,
371,Reformed Church in America,912,"235,195",0.15%,0.07%
373,Reformed Church in the United States,47,"3,550",0.00%,0.00%
FFB,Reformed Congregations of North America,1,26,0.00%,0.00%
375,Reformed Episcopal Church,114,,,
379,Reformed Mennonite Church,7,127,0.00%,0.00%
380,Reformed Presbyterian Church General Assembly,12,,,
383,Reformed Presbyterian Church of North America,91,"6,647",0.00%,0.00%
382,"Reformed Presbyterian Church, Hanover Presbytery",15,,,
384,Reformed Zion Union Apostolic Church,38,"4,784",0.00%,0.00%
FHM,Reidenbach Mennonite,7,806,0.00%,0.00%
FHG,Remnant: Charity Ministries and related,32,,,
FF5,Riverdale Old Order (Virginia) Mennonite Conference,2,686,0.00%,0.00%
395,Romanian Orthodox Archdiocese in Americas,31,"6,289",0.00%,0.00%
401,Russian Orthodox Church Outside of Russia,199,"23,360",0.01%,0.01%
403,Salvation Army,"1,133","141,098",0.09%,0.04%
FFZ,Sardis Association of Old Regular Baptists,24,587,0.00%,0.00%
FJ1,Schmiedeleut Hutterite Group 1,8,731,0.00%,0.00%
FJ2,Schmiedeleut Hutterite Group 2,69,"8,310",0.01%,0.00%
405,Schwenkfelder Church,4,"2,471",0.00%,0.00%
410,Serbian Orthodox Church in North America,121,"59,508",0.04%,0.02%
415,"Seventh Day Baptist General Conference, USA and Canada",79,"4,512",0.00%,0.00%
413,Seventh-day Adventist Church,"5,989","1,339,830",0.83%,0.40%
408,Shinto,9,,,
FG1,Solid Rock Association of Old Time Baptists,4,289,0.00%,0.00%
FD5,South Atlantic Mennonite Conference,6,494,0.00%,0.00%
F48,Southeastern Mennonite Conference,16,"1,307",0.00%,0.00%
419,Southern Baptist Convention,"51,379","17,649,040",10.95%,5.32%
F49,Southern Illinois Christian Conference,10,,,
421,Southern Methodist Church,73,,,
F51,Sovereign Grace Churches,65,,,
FHV,Stauffer Mennonite (independent groups),7,674,0.00%,0.00%
414,Stauffer Mennonite Church,17,"3,740",0.00%,0.00%
239,Swedenborgian Church,29,856,0.00%,0.00%
423,Syriac Orthodox Church of Antioch,47,"12,088",0.01%,0.00%
F52,Syro-Russian Orthodox Catholic Church,8,,,
424,Tampico Amish-Mennonite,18,"4,092",0.00%,0.00%
425,Tao,22,,,
F54,The local churches,320,,,
891,Theravada Buddhist,566,"291,413",0.18%,0.09%
FGQ,Twelve Tribes,29,,,
431,Ukrainian Orthodox Church of the USA,89,"14,971",0.01%,0.00%
432,Unaffiliated Amish-Mennonite (Conservative),34,"2,315",0.00%,0.00%
FHH,Unaffiliated Amish-Mennonite (Spring Garden network),7,"1,421",0.00%,0.00%
FHF,Unaffiliated Conservative Mennonite,86,"7,975",0.00%,0.00%
FD6,Unaffiliated Conservative Mennonite (Grandview fellowship),8,558,0.00%,0.00%
389,Unaffiliated Friends Meetings,6,557,0.00%,0.00%
FHR,Unaffiliated Mennonite (Wisler Christian Fellowship),3,451,0.00%,0.00%
FER,Unification Church,45,,,
FGV,Union American Methodist Episcopal Church,51,,,
437,Union of Messianic Jewish Congregations,55,,,
435,Unitarian Universalist Association of Congregations,"1,004","201,541",0.13%,0.06%
F57,"United American Free Will Baptist Denomination, Inc.",29,,,
439,United Catholic Church,5,800,0.00%,0.00%
443,United Church of Christ,"4,793","924,744",0.57%,0.28%
FGN,United Church of God,186,,,
FG5,United Episcopal Church of North America,24,,,
445,"United Holy Church of America, Inc.",352,"17,832",0.01%,0.01%
F58,United House of Prayer,134,"21,857",0.01%,0.01%
449,United Methodist Church,"30,051","8,018,629",4.97%,2.42%
454,United Pentecostal Church International,"4,549",,,
455,United Reformed Churches in North America,88,"15,541",0.01%,0.00%
459,United Zion Church,9,523,0.00%,0.00%
124,"Unity Churches, Association of",578,,,
461,Unity of the Brethren,24,,,
237,US Conference of Mennonite Brethren Churches,218,"43,308",0.03%,0.01%
892,Vajarayana Buddhist,449,"200,039",0.12%,0.06%
FFQ,Vanguard Presbytery,18,,,
462,Vedanta Society,36,,,
179,Venture Church Network,748,,,
463,Vineyard USA,499,"155,836",0.10%,0.05%
FD7,Washington-Franklin Mennonite Conference,17,"3,096",0.00%,0.00%
FJ3,Weaverland Mennonite Conference,50,"18,573",0.01%,0.01%
467,Wesleyan Church,"1,463","306,005",0.19%,0.09%
FD8,Western Conservative Mennonite Fellowship,11,997,0.00%,0.00%
FJ5,Westminster Evangelical Presbyterian Church,2,,,
469,Wisconsin Evangelical Lutheran Synod,"1,198","408,259",0.25%,0.12%
FD9,Wisler Mennonite Conference (Ohio),5,644,0.00%,0.00%
FE1,Wisler Mennonite Conference (Ohio-Indiana),10,"1,753",0.00%,0.00%
490,Zoroastrian,33,,,
,,,,,
Totals,,"356,642","161,224,088",100.00%,48.64%